<?xml version="1.0" encoding="utf-8"?>
<odoo>
    <data noupdate="1">

        <record id="openeducat_core.group_op_student" model="res.groups">
            <field name="name">Student</field>
        </record>

        <record id="openeducat_core.group_op_faculty" model="res.groups">
            <field name="name">Faculty</field>
        </record>

        <record id="openeducat_core.group_op_back_office" model="res.groups">
            <field name="name">Back Office</field>
        </record>

        <record id="openeducat_core.group_op_back_office_admin"
            model="res.groups">
            <field name="name">Back Office Admin</field>
        </record>

    </data>
</odoo>
