<?xml version="1.0" encoding="utf-8"?>
<odoo>
    <data noupdate="1">

        <record id="op_roll_number_1" model="op.roll.number">
            <field name="roll_number">LRP1</field>
            <field name="student_id" ref="op_student_1" />
            <field name="course_id" ref="op_course_1" />
            <field name="batch_id" ref="op_batch_2" />
        </record>

        <record id="op_roll_number_2" model="op.roll.number">
            <field name="roll_number">LRP2</field>
            <field name="student_id" ref="op_student_2" />
            <field name="course_id" ref="op_course_1" />
            <field name="batch_id" ref="op_batch_2" />
        </record>

        <record id="op_roll_number_3" model="op.roll.number">
            <field name="roll_number">LRP3</field>
            <field name="student_id" ref="op_student_3" />
            <field name="course_id" ref="op_course_1" />
            <field name="batch_id" ref="op_batch_2" />
        </record>

        <record id="op_roll_number_4" model="op.roll.number">
            <field name="roll_number">BOA1</field>
            <field name="student_id" ref="op_student_4" />
            <field name="course_id" ref="op_course_3" />
            <field name="batch_id" ref="op_batch_1" />
        </record>

        <record id="op_roll_number_5" model="op.roll.number">
            <field name="roll_number">BOA2</field>
            <field name="student_id" ref="op_student_5" />
            <field name="course_id" ref="op_course_3" />
            <field name="batch_id" ref="op_batch_1" />
        </record>

        <record id="op_roll_number_6" model="op.roll.number">
            <field name="roll_number">BOA3</field>
            <field name="student_id" ref="op_student_6" />
            <field name="course_id" ref="op_course_3" />
            <field name="batch_id" ref="op_batch_1" />
        </record>

        <record id="op_roll_number_7" model="op.roll.number">
            <field name="roll_number">BOA4</field>
            <field name="student_id" ref="op_student_7" />
            <field name="course_id" ref="op_course_4" />
            <field name="batch_id" ref="op_batch_1" />
        </record>

        <record id="op_roll_number_8" model="op.roll.number">
            <field name="roll_number">BOA5</field>
            <field name="student_id" ref="op_student_8" />
            <field name="course_id" ref="op_course_4" />
            <field name="batch_id" ref="op_batch_1" />
        </record>

        <record id="op_roll_number_9" model="op.roll.number">
            <field name="roll_number">ILTSG1</field>
            <field name="student_id" ref="op_student_9" />
            <field name="course_id" ref="op_course_5" />
            <field name="batch_id" ref="op_batch_3" />
        </record>

        <record id="op_roll_number_10" model="op.roll.number">
            <field name="roll_number">ILTSG2</field>
            <field name="student_id" ref="op_student_10" />
            <field name="course_id" ref="op_course_5" />
            <field name="batch_id" ref="op_batch_3" />
        </record>

        <record id="op_roll_number_11" model="op.roll.number">
            <field name="roll_number">ILTSG3</field>
            <field name="student_id" ref="op_student_11" />
            <field name="course_id" ref="op_course_5" />
            <field name="batch_id" ref="op_batch_3" />
        </record>

        <record id="op_roll_number_12" model="op.roll.number">
            <field name="roll_number">ILTSA1</field>
            <field name="student_id" ref="op_student_12" />
            <field name="course_id" ref="op_course_5" />
            <field name="batch_id" ref="op_batch_4" />
        </record>

        <record id="op_roll_number_13" model="op.roll.number">
            <field name="roll_number">ILTSA2</field>
            <field name="student_id" ref="op_student_13" />
            <field name="course_id" ref="op_course_5" />
            <field name="batch_id" ref="op_batch_4" />
        </record>

        <record id="op_roll_number_14" model="op.roll.number">
            <field name="roll_number">ILTSA3</field>
            <field name="student_id" ref="op_student_14" />
            <field name="course_id" ref="op_course_5" />
            <field name="batch_id" ref="op_batch_4" />
        </record>

        <record id="op_roll_number_15" model="op.roll.number">
            <field name="roll_number">ILTSA4</field>
            <field name="student_id" ref="op_student_15" />
            <field name="course_id" ref="op_course_5" />
            <field name="batch_id" ref="op_batch_4" />
        </record>

        <record id="op_roll_number_16" model="op.roll.number">
            <field name="roll_number">G1</field>
            <field name="student_id" ref="op_student_16" />
            <field name="course_id" ref="op_course_6" />
            <field name="batch_id" ref="op_batch_5" />
        </record>

        <record id="op_roll_number_17" model="op.roll.number">
            <field name="roll_number">G2</field>
            <field name="student_id" ref="op_student_17" />
            <field name="course_id" ref="op_course_6" />
            <field name="batch_id" ref="op_batch_5" />
        </record>

        <record id="op_roll_number_18" model="op.roll.number">
            <field name="roll_number">G3</field>
            <field name="student_id" ref="op_student_18" />
            <field name="course_id" ref="op_course_6" />
            <field name="batch_id" ref="op_batch_5" />
        </record>

        <record id="op_roll_number_19" model="op.roll.number">
            <field name="roll_number">G4</field>
            <field name="student_id" ref="op_student_19" />
            <field name="course_id" ref="op_course_6" />
            <field name="batch_id" ref="op_batch_5" />
        </record>

        <record id="op_roll_number_20" model="op.roll.number">
            <field name="roll_number">G5</field>
            <field name="student_id" ref="op_student_20" />
            <field name="course_id" ref="op_course_6" />
            <field name="batch_id" ref="op_batch_5" />
        </record>

    </data>
</odoo>
